series,iteration,request_bytes,response_bytes,nanoseconds
round-trip floor (5 B echo),0,5,15,317833
round-trip floor (5 B echo),1,5,15,572243
round-trip floor (5 B echo),2,5,15,378073
round-trip floor (5 B echo),3,5,15,503991
round-trip floor (5 B echo),4,5,15,395289
round-trip floor (5 B echo),5,5,15,324083
round-trip floor (5 B echo),6,5,15,506675
round-trip floor (5 B echo),7,5,15,426986
round-trip floor (5 B echo),8,5,15,471313
round-trip floor (5 B echo),9,5,15,337833
round-trip floor (5 B echo),10,5,15,694214
round-trip floor (5 B echo),11,5,15,390992
round-trip floor (5 B echo),12,5,15,608918
round-trip floor (5 B echo),13,5,15,704711
round-trip floor (5 B echo),14,5,15,488168
round-trip floor (5 B echo),15,5,15,580665
round-trip floor (5 B echo),16,5,15,604370
round-trip floor (5 B echo),17,5,15,388339
round-trip floor (5 B echo),18,5,15,351514
round-trip floor (5 B echo),19,5,15,332606
round-trip floor (5 B echo),20,5,15,471512
round-trip floor (5 B echo),21,5,15,511041
round-trip floor (5 B echo),22,5,15,384112
round-trip floor (5 B echo),23,5,15,547186
round-trip floor (5 B echo),24,5,15,379946
round-trip floor (5 B echo),25,5,15,323843
round-trip floor (5 B echo),26,5,15,503090
round-trip floor (5 B echo),27,5,15,426115
round-trip floor (5 B echo),28,5,15,460406
round-trip floor (5 B echo),29,5,15,323322
round-trip floor (5 B echo),30,5,15,380227
round-trip floor (5 B echo),31,5,15,485985
round-trip floor (5 B echo),32,5,15,302952
round-trip floor (5 B echo),33,5,15,457762
round-trip floor (5 B echo),34,5,15,525093
round-trip floor (5 B echo),35,5,15,474908
round-trip floor (5 B echo),36,5,15,413136
round-trip floor (5 B echo),37,5,15,369821
round-trip floor (5 B echo),38,5,15,691941
round-trip floor (5 B echo),39,5,15,520656
round-trip floor (5 B echo),40,5,15,470701
round-trip floor (5 B echo),41,5,15,655277
round-trip floor (5 B echo),42,5,15,546925
round-trip floor (5 B echo),43,5,15,542128
round-trip floor (5 B echo),44,5,15,585402
round-trip floor (5 B echo),45,5,15,532804
round-trip floor (5 B echo),46,5,15,395019
round-trip floor (5 B echo),47,5,15,531112
round-trip floor (5 B echo),48,5,15,664210
round-trip floor (5 B echo),49,5,15,551322
round-trip floor (5 B echo),50,5,15,600826
round-trip floor (5 B echo),51,5,15,463541
round-trip floor (5 B echo),52,5,15,879140
round-trip floor (5 B echo),53,5,15,604991
round-trip floor (5 B echo),54,5,15,605042
round-trip floor (5 B echo),55,5,15,743468
round-trip floor (5 B echo),56,5,15,520716
round-trip floor (5 B echo),57,5,15,773503
round-trip floor (5 B echo),58,5,15,759172
round-trip floor (5 B echo),59,5,15,638852
round-trip floor (5 B echo),60,5,15,546995
round-trip floor (5 B echo),61,5,15,762447
round-trip floor (5 B echo),62,5,15,593995
round-trip floor (5 B echo),63,5,15,401018
round-trip floor (5 B echo),64,5,15,630169
round-trip floor (5 B echo),65,5,15,549789
round-trip floor (5 B echo),66,5,15,489480
round-trip floor (5 B echo),67,5,15,529009
round-trip floor (5 B echo),68,5,15,734735
round-trip floor (5 B echo),69,5,15,468868
round-trip floor (5 B echo),70,5,15,620975
round-trip floor (5 B echo),71,5,15,403311
round-trip floor (5 B echo),72,5,15,535748
round-trip floor (5 B echo),73,5,15,547085
round-trip floor (5 B echo),74,5,15,540916
round-trip floor (5 B echo),75,5,15,4206239
round-trip floor (5 B echo),76,5,15,1070265
round-trip floor (5 B echo),77,5,15,603389
round-trip floor (5 B echo),78,5,15,651500
round-trip floor (5 B echo),79,5,15,614696
round-trip floor (5 B echo),80,5,15,500496
round-trip floor (5 B echo),81,5,15,460526
round-trip floor (5 B echo),82,5,15,851489
round-trip floor (5 B echo),83,5,15,751170
round-trip floor (5 B echo),84,5,15,350303
round-trip floor (5 B echo),85,5,15,625261
round-trip floor (5 B echo),86,5,15,309472
round-trip floor (5 B echo),87,5,15,412534
round-trip floor (5 B echo),88,5,15,487446
round-trip floor (5 B echo),89,5,15,517661
round-trip floor (5 B echo),90,5,15,241240
round-trip floor (5 B echo),91,5,15,576920
round-trip floor (5 B echo),92,5,15,430873
round-trip floor (5 B echo),93,5,15,625522
round-trip floor (5 B echo),94,5,15,562338
round-trip floor (5 B echo),95,5,15,616989
round-trip floor (5 B echo),96,5,15,428208
round-trip floor (5 B echo),97,5,15,420116
round-trip floor (5 B echo),98,5,15,698731
round-trip floor (5 B echo),99,5,15,410332
round-trip floor (5 B echo),100,5,15,384283
round-trip floor (5 B echo),101,5,15,351534
round-trip floor (5 B echo),102,5,15,406746
round-trip floor (5 B echo),103,5,15,299206
round-trip floor (5 B echo),104,5,15,370231
round-trip floor (5 B echo),105,5,15,515058
round-trip floor (5 B echo),106,5,15,540915
round-trip floor (5 B echo),107,5,15,449159
round-trip floor (5 B echo),108,5,15,429620
round-trip floor (5 B echo),109,5,15,587776
round-trip floor (5 B echo),110,5,15,520235
round-trip floor (5 B echo),111,5,15,529089
round-trip floor (5 B echo),112,5,15,531472
round-trip floor (5 B echo),113,5,15,636499
round-trip floor (5 B echo),114,5,15,434498
round-trip floor (5 B echo),115,5,15,579353
round-trip floor (5 B echo),116,5,15,532674
round-trip floor (5 B echo),117,5,15,613584
round-trip floor (5 B echo),118,5,15,590541
round-trip floor (5 B echo),119,5,15,515328
round-trip floor (5 B echo),120,5,15,545582
round-trip floor (5 B echo),121,5,15,461037
round-trip floor (5 B echo),122,5,15,543290
round-trip floor (5 B echo),123,5,15,576499
round-trip floor (5 B echo),124,5,15,496039
round-trip floor (5 B echo),125,5,15,304994
round-trip floor (5 B echo),126,5,15,371223
round-trip floor (5 B echo),127,5,15,723007
round-trip floor (5 B echo),128,5,15,660043
round-trip floor (5 B echo),129,5,15,413095
round-trip floor (5 B echo),130,5,15,434478
round-trip floor (5 B echo),131,5,15,402310
round-trip floor (5 B echo),132,5,15,288600
round-trip floor (5 B echo),133,5,15,431994
round-trip floor (5 B echo),134,5,15,541487
round-trip floor (5 B echo),135,5,15,493526
round-trip floor (5 B echo),136,5,15,404423
round-trip floor (5 B echo),137,5,15,492344
round-trip floor (5 B echo),138,5,15,404262
round-trip floor (5 B echo),139,5,15,350562
round-trip floor (5 B echo),140,5,15,329070
round-trip floor (5 B echo),141,5,15,271745
round-trip floor (5 B echo),142,5,15,319296
round-trip floor (5 B echo),143,5,15,265997
round-trip floor (5 B echo),144,5,15,330082
round-trip floor (5 B echo),145,5,15,205476
round-trip floor (5 B echo),146,5,15,424613
round-trip floor (5 B echo),147,5,15,340817
round-trip floor (5 B echo),148,5,15,771680
round-trip floor (5 B echo),149,5,15,711350
round-trip floor (5 B echo),150,5,15,617891
round-trip floor (5 B echo),151,5,15,377412
round-trip floor (5 B echo),152,5,15,405153
round-trip floor (5 B echo),153,5,15,473065
round-trip floor (5 B echo),154,5,15,398283
round-trip floor (5 B echo),155,5,15,541367
round-trip floor (5 B echo),156,5,15,368890
round-trip floor (5 B echo),157,5,15,405004
round-trip floor (5 B echo),158,5,15,465954
round-trip floor (5 B echo),159,5,15,379365
round-trip floor (5 B echo),160,5,15,400367
round-trip floor (5 B echo),161,5,15,333096
round-trip floor (5 B echo),162,5,15,390171
round-trip floor (5 B echo),163,5,15,413576
round-trip floor (5 B echo),164,5,15,289892
round-trip floor (5 B echo),165,5,15,330743
round-trip floor (5 B echo),166,5,15,323472
round-trip floor (5 B echo),167,5,15,376931
round-trip floor (5 B echo),168,5,15,366146
round-trip floor (5 B echo),169,5,15,432765
round-trip floor (5 B echo),170,5,15,397402
round-trip floor (5 B echo),171,5,15,331685
round-trip floor (5 B echo),172,5,15,304163
round-trip floor (5 B echo),173,5,15,361378
round-trip floor (5 B echo),174,5,15,327488
round-trip floor (5 B echo),175,5,15,428759
round-trip floor (5 B echo),176,5,15,342661
round-trip floor (5 B echo),177,5,15,394047
round-trip floor (5 B echo),178,5,15,420187
round-trip floor (5 B echo),179,5,15,344303
round-trip floor (5 B echo),180,5,15,423091
round-trip floor (5 B echo),181,5,15,385174
round-trip floor (5 B echo),182,5,15,334037
round-trip floor (5 B echo),183,5,15,350062
round-trip floor (5 B echo),184,5,15,348038
round-trip floor (5 B echo),185,5,15,297083
round-trip floor (5 B echo),186,5,15,394528
round-trip floor (5 B echo),187,5,15,341920
round-trip floor (5 B echo),188,5,15,277314
round-trip floor (5 B echo),189,5,15,382910
round-trip floor (5 B echo),190,5,15,326637
round-trip floor (5 B echo),191,5,15,439735
round-trip floor (5 B echo),192,5,15,311725
round-trip floor (5 B echo),193,5,15,446295
round-trip floor (5 B echo),194,5,15,339866
round-trip floor (5 B echo),195,5,15,440777
round-trip floor (5 B echo),196,5,15,450221
round-trip floor (5 B echo),197,5,15,446035
round-trip floor (5 B echo),198,5,15,490571
round-trip floor (5 B echo),199,5,15,475659
push 2 KiB,0,2048,45,716678
push 2 KiB,1,2048,45,670169
push 2 KiB,2,2048,45,800984
push 2 KiB,3,2048,45,874534
push 2 KiB,4,2048,45,582628
push 2 KiB,5,2048,45,914362
push 2 KiB,6,2048,45,778861
push 2 KiB,7,2048,45,789387
push 2 KiB,8,2048,45,801714
push 2 KiB,9,2048,45,970045
push 2 KiB,10,2048,45,655116
push 2 KiB,11,2048,45,808445
push 2 KiB,12,2048,45,492474
push 2 KiB,13,2048,45,681425
push 2 KiB,14,2048,45,608207
push 2 KiB,15,2048,45,703118
push 2 KiB,16,2048,45,763047
push 2 KiB,17,2048,45,668386
push 2 KiB,18,2048,45,752671
push 2 KiB,19,2048,45,629038
push 2 KiB,20,2048,45,572714
push 2 KiB,21,2048,45,796136
push 2 KiB,22,2048,45,659193
push 2 KiB,23,2048,45,739482
push 2 KiB,24,2048,45,605994
push 2 KiB,25,2048,45,572473
push 2 KiB,26,2048,45,580214
push 2 KiB,27,2048,45,515057
push 2 KiB,28,2048,45,603639
push 2 KiB,29,2048,45,556369
push 2 KiB,30,2048,45,721165
push 2 KiB,31,2048,45,665512
push 2 KiB,32,2048,45,640285
push 2 KiB,33,2048,45,557080
push 2 KiB,34,2048,45,518413
push 2 KiB,35,2048,45,673995
push 2 KiB,36,2048,45,731550
push 2 KiB,37,2048,45,537411
push 2 KiB,38,2048,45,694445
push 2 KiB,39,2048,45,568447
push 2 KiB,40,2048,45,573655
push 2 KiB,41,2048,45,567466
push 2 KiB,42,2048,45,513956
push 2 KiB,43,2048,45,705441
push 2 KiB,44,2048,45,578411
push 2 KiB,45,2048,45,545463
push 2 KiB,46,2048,45,562689
push 2 KiB,47,2048,45,596409
push 2 KiB,48,2048,45,618923
push 2 KiB,49,2048,45,664200
push 2 KiB,50,2048,45,665622
push 2 KiB,51,2048,45,813262
push 2 KiB,52,2048,45,599764
push 2 KiB,53,2048,45,632002
push 2 KiB,54,2048,45,699353
push 2 KiB,55,2048,45,604330
push 2 KiB,56,2048,45,712933
push 2 KiB,57,2048,45,747404
push 2 KiB,58,2048,45,807614
push 2 KiB,59,2048,45,584812
push 2 KiB,60,2048,45,5482791
push 2 KiB,61,2048,45,1223524
push 2 KiB,62,2048,45,1376631
push 2 KiB,63,2048,45,1497812
push 2 KiB,64,2048,45,1518002
push 2 KiB,65,2048,45,1128231
push 2 KiB,66,2048,45,960191
push 2 KiB,67,2048,45,952379
push 2 KiB,68,2048,45,1469030
push 2 KiB,69,2048,45,1275761
push 2 KiB,70,2048,45,1372576
push 2 KiB,71,2048,45,1114130
push 2 KiB,72,2048,45,1065307
push 2 KiB,73,2048,45,1192658
push 2 KiB,74,2048,45,1283673
push 2 KiB,75,2048,45,1165998
push 2 KiB,76,2048,45,1094531
push 2 KiB,77,2048,45,1089563
push 2 KiB,78,2048,45,991908
push 2 KiB,79,2048,45,950396
push 2 KiB,80,2048,45,1039929
push 2 KiB,81,2048,45,1625382
push 2 KiB,82,2048,45,1448248
push 2 KiB,83,2048,45,1283523
push 2 KiB,84,2048,45,866572
push 2 KiB,85,2048,45,1186027
push 2 KiB,86,2048,45,973010
push 2 KiB,87,2048,45,959450
push 2 KiB,88,2048,45,929014
push 2 KiB,89,2048,45,828966
push 2 KiB,90,2048,45,690649
push 2 KiB,91,2048,45,839251
push 2 KiB,92,2048,45,825981
push 2 KiB,93,2048,45,1007491
push 2 KiB,94,2048,45,939109
push 2 KiB,95,2048,45,859391
push 2 KiB,96,2048,45,862676
push 2 KiB,97,2048,45,772170
push 2 KiB,98,2048,45,853221
push 2 KiB,99,2048,45,671120
push 2 KiB,100,2048,45,918069
push 2 KiB,101,2048,45,722597
push 2 KiB,102,2048,45,978638
push 2 KiB,103,2048,45,753122
push 2 KiB,104,2048,45,932109
push 2 KiB,105,2048,45,988433
push 2 KiB,106,2048,45,891438
push 2 KiB,107,2048,45,977507
push 2 KiB,108,2048,45,1034892
push 2 KiB,109,2048,45,1180419
push 2 KiB,110,2048,45,1032919
push 2 KiB,111,2048,45,826471
push 2 KiB,112,2048,45,972149
push 2 KiB,113,2048,45,1014802
push 2 KiB,114,2048,45,981703
push 2 KiB,115,2048,45,1115382
push 2 KiB,116,2048,45,1171356
push 2 KiB,117,2048,45,870248
push 2 KiB,118,2048,45,928133
push 2 KiB,119,2048,45,927493
push 2 KiB,120,2048,45,921754
push 2 KiB,121,2048,45,927121
push 2 KiB,122,2048,45,725902
push 2 KiB,123,2048,45,909035
push 2 KiB,124,2048,45,851429
push 2 KiB,125,2048,45,951839
push 2 KiB,126,2048,45,906210
push 2 KiB,127,2048,45,1034452
push 2 KiB,128,2048,45,1148772
push 2 KiB,129,2048,45,1253448
push 2 KiB,130,2048,45,1158877
push 2 KiB,131,2048,45,1037206
push 2 KiB,132,2048,45,1348510
push 2 KiB,133,2048,45,1453156
push 2 KiB,134,2048,45,1682377
push 2 KiB,135,2048,45,919100
push 2 KiB,136,2048,45,1008202
push 2 KiB,137,2048,45,1392926
push 2 KiB,138,2048,45,1071086
push 2 KiB,139,2048,45,904418
push 2 KiB,140,2048,45,809407
push 2 KiB,141,2048,45,906852
push 2 KiB,142,2048,45,1308860
push 2 KiB,143,2048,45,831629
push 2 KiB,144,2048,45,951538
push 2 KiB,145,2048,45,966941
push 2 KiB,146,2048,45,1177415
push 2 KiB,147,2048,45,1279336
push 2 KiB,148,2048,45,1044377
push 2 KiB,149,2048,45,1099188
push 2 KiB,150,2048,45,1161862
push 2 KiB,151,2048,45,1248391
push 2 KiB,152,2048,45,900863
push 2 KiB,153,2048,45,1305386
push 2 KiB,154,2048,45,1370262
push 2 KiB,155,2048,45,1375570
push 2 KiB,156,2048,45,1092629
push 2 KiB,157,2048,45,916256
push 2 KiB,158,2048,45,1139818
push 2 KiB,159,2048,45,1022163
push 2 KiB,160,2048,45,1022204
push 2 KiB,161,2048,45,804489
push 2 KiB,162,2048,45,1058057
push 2 KiB,163,2048,45,1297494
push 2 KiB,164,2048,45,1072068
push 2 KiB,165,2048,45,951438
push 2 KiB,166,2048,45,799622
push 2 KiB,167,2048,45,703839
push 2 KiB,168,2048,45,833432
push 2 KiB,169,2048,45,768214
push 2 KiB,170,2048,45,1029054
push 2 KiB,171,2048,45,1126348
push 2 KiB,172,2048,45,994953
push 2 KiB,173,2048,45,873842
push 2 KiB,174,2048,45,880412
push 2 KiB,175,2048,45,887803
push 2 KiB,176,2048,45,1227089
push 2 KiB,177,2048,45,1049664
push 2 KiB,178,2048,45,758150
push 2 KiB,179,2048,45,1205176
push 2 KiB,180,2048,45,1209692
push 2 KiB,181,2048,45,821104
push 2 KiB,182,2048,45,729127
push 2 KiB,183,2048,45,688807
push 2 KiB,184,2048,45,1217445
push 2 KiB,185,2048,45,1200049
push 2 KiB,186,2048,45,1576780
push 2 KiB,187,2048,45,1503450
push 2 KiB,188,2048,45,1620104
push 2 KiB,189,2048,45,1744050
push 2 KiB,190,2048,45,1657170
push 2 KiB,191,2048,45,1449300
push 2 KiB,192,2048,45,1280949
push 2 KiB,193,2048,45,1071116
push 2 KiB,194,2048,45,1019539
push 2 KiB,195,2048,45,1205327
push 2 KiB,196,2048,45,953081
push 2 KiB,197,2048,45,972639
push 2 KiB,198,2048,45,1201130
push 2 KiB,199,2048,45,1109764
echo 2 KiB,0,2048,2058,734886
echo 2 KiB,1,2048,2058,622918
echo 2 KiB,2,2048,2058,891829
echo 2 KiB,3,2048,2058,749266
echo 2 KiB,4,2048,2058,799882
echo 2 KiB,5,2048,2058,1030786
echo 2 KiB,6,2048,2058,820723
echo 2 KiB,7,2048,2058,720224
echo 2 KiB,8,2048,2058,783057
echo 2 KiB,9,2048,2058,986099
echo 2 KiB,10,2048,2058,757960
echo 2 KiB,11,2048,2058,967061
echo 2 KiB,12,2048,2058,1118256
echo 2 KiB,13,2048,2058,602517
echo 2 KiB,14,2048,2058,640364
echo 2 KiB,15,2048,2058,915905
echo 2 KiB,16,2048,2058,826522
echo 2 KiB,17,2048,2058,627906
echo 2 KiB,18,2048,2058,740594
echo 2 KiB,19,2048,2058,718661
echo 2 KiB,20,2048,2058,801364
echo 2 KiB,21,2048,2058,976285
echo 2 KiB,22,2048,2058,1739232
echo 2 KiB,23,2048,2058,4533547
echo 2 KiB,24,2048,2058,2177244
echo 2 KiB,25,2048,2058,1717049
echo 2 KiB,26,2048,2058,1860563
echo 2 KiB,27,2048,2058,1939771
echo 2 KiB,28,2048,2058,1245516
echo 2 KiB,29,2048,2058,1563881
echo 2 KiB,30,2048,2058,1789858
echo 2 KiB,31,2048,2058,1439576
echo 2 KiB,32,2048,2058,979560
echo 2 KiB,33,2048,2058,657149
echo 2 KiB,34,2048,2058,1040861
echo 2 KiB,35,2048,2058,1447457
echo 2 KiB,36,2048,2058,861534
echo 2 KiB,37,2048,2058,1374829
echo 2 KiB,38,2048,2058,1401478
echo 2 KiB,39,2048,2058,961342
echo 2 KiB,40,2048,2058,1235291
echo 2 KiB,41,2048,2058,822245
echo 2 KiB,42,2048,2058,1162362
echo 2 KiB,43,2048,2058,744680
echo 2 KiB,44,2048,2058,914293
echo 2 KiB,45,2048,2058,1051667
echo 2 KiB,46,2048,2058,695937
echo 2 KiB,47,2048,2058,1060511
echo 2 KiB,48,2048,2058,804499
echo 2 KiB,49,2048,2058,910227
echo 2 KiB,50,2048,2058,864348
echo 2 KiB,51,2048,2058,803948
echo 2 KiB,52,2048,2058,909105
echo 2 KiB,53,2048,2058,1013300
echo 2 KiB,54,2048,2058,827103
echo 2 KiB,55,2048,2058,919770
echo 2 KiB,56,2048,2058,927092
echo 2 KiB,57,2048,2058,716388
echo 2 KiB,58,2048,2058,831319
echo 2 KiB,59,2048,2058,793072
echo 2 KiB,60,2048,2058,746763
echo 2 KiB,61,2048,2058,914453
echo 2 KiB,62,2048,2058,1220889
echo 2 KiB,63,2048,2058,928804
echo 2 KiB,64,2048,2058,912890
echo 2 KiB,65,2048,2058,888324
echo 2 KiB,66,2048,2058,994692
echo 2 KiB,67,2048,2058,878689
echo 2 KiB,68,2048,2058,1190825
echo 2 KiB,69,2048,2058,1041812
echo 2 KiB,70,2048,2058,890628
echo 2 KiB,71,2048,2058,1019309
echo 2 KiB,72,2048,2058,1034581
echo 2 KiB,73,2048,2058,1005409
echo 2 KiB,74,2048,2058,815906
echo 2 KiB,75,2048,2058,793102
echo 2 KiB,76,2048,2058,760954
echo 2 KiB,77,2048,2058,986650
echo 2 KiB,78,2048,2058,981453
echo 2 KiB,79,2048,2058,1095443
echo 2 KiB,80,2048,2058,1158496
echo 2 KiB,81,2048,2058,725922
echo 2 KiB,82,2048,2058,747484
echo 2 KiB,83,2048,2058,580826
echo 2 KiB,84,2048,2058,854293
echo 2 KiB,85,2048,2058,948614
echo 2 KiB,86,2048,2058,956796
echo 2 KiB,87,2048,2058,791600
echo 2 KiB,88,2048,2058,843337
echo 2 KiB,89,2048,2058,1031707
echo 2 KiB,90,2048,2058,792511
echo 2 KiB,91,2048,2058,1071376
echo 2 KiB,92,2048,2058,1451954
echo 2 KiB,93,2048,2058,1103965
echo 2 KiB,94,2048,2058,1316231
echo 2 KiB,95,2048,2058,1177045
echo 2 KiB,96,2048,2058,1259437
echo 2 KiB,97,2048,2058,967872
echo 2 KiB,98,2048,2058,1033139
echo 2 KiB,99,2048,2058,1403171
echo 2 KiB,100,2048,2058,1195872
echo 2 KiB,101,2048,2058,1603149
echo 2 KiB,102,2048,2058,977977
echo 2 KiB,103,2048,2058,1056034
echo 2 KiB,104,2048,2058,844588
echo 2 KiB,105,2048,2058,821955
echo 2 KiB,106,2048,2058,734885
echo 2 KiB,107,2048,2058,764579
echo 2 KiB,108,2048,2058,850999
echo 2 KiB,109,2048,2058,841915
echo 2 KiB,110,2048,2058,979029
echo 2 KiB,111,2048,2058,863958
echo 2 KiB,112,2048,2058,853652
echo 2 KiB,113,2048,2058,679693
echo 2 KiB,114,2048,2058,968514
echo 2 KiB,115,2048,2058,767654
echo 2 KiB,116,2048,2058,842295
echo 2 KiB,117,2048,2058,763438
echo 2 KiB,118,2048,2058,907733
echo 2 KiB,119,2048,2058,1049264
echo 2 KiB,120,2048,2058,748816
echo 2 KiB,121,2048,2058,749937
echo 2 KiB,122,2048,2058,673223
echo 2 KiB,123,2048,2058,863978
echo 2 KiB,124,2048,2058,869606
echo 2 KiB,125,2048,2058,1306467
echo 2 KiB,126,2048,2058,952770
echo 2 KiB,127,2048,2058,1004857
echo 2 KiB,128,2048,2058,980271
echo 2 KiB,129,2048,2058,1135302
echo 2 KiB,130,2048,2058,853912
echo 2 KiB,131,2048,2058,744770
echo 2 KiB,132,2048,2058,820102
echo 2 KiB,133,2048,2058,741194
echo 2 KiB,134,2048,2058,1030075
echo 2 KiB,135,2048,2058,951848
echo 2 KiB,136,2048,2058,843578
echo 2 KiB,137,2048,2058,853602
echo 2 KiB,138,2048,2058,965799
echo 2 KiB,139,2048,2058,890327
echo 2 KiB,140,2048,2058,1023385
echo 2 KiB,141,2048,2058,998038
echo 2 KiB,142,2048,2058,1421348
echo 2 KiB,143,2048,2058,964558
echo 2 KiB,144,2048,2058,1264825
echo 2 KiB,145,2048,2058,965018
echo 2 KiB,146,2048,2058,797068
echo 2 KiB,147,2048,2058,921754
echo 2 KiB,148,2048,2058,956135
echo 2 KiB,149,2048,2058,876717
echo 2 KiB,150,2048,2058,1147250
echo 2 KiB,151,2048,2058,1061963
echo 2 KiB,152,2048,2058,797058
echo 2 KiB,153,2048,2058,842406
echo 2 KiB,154,2048,2058,965028
echo 2 KiB,155,2048,2058,1354098
echo 2 KiB,156,2048,2058,869565
echo 2 KiB,157,2048,2058,726322
echo 2 KiB,158,2048,2058,853311
echo 2 KiB,159,2048,2058,980511
echo 2 KiB,160,2048,2058,837818
echo 2 KiB,161,2048,2058,4410252
echo 2 KiB,162,2048,2058,1638633
echo 2 KiB,163,2048,2058,906622
echo 2 KiB,164,2048,2058,953490
echo 2 KiB,165,2048,2058,683689
echo 2 KiB,166,2048,2058,783948
echo 2 KiB,167,2048,2058,1195832
echo 2 KiB,168,2048,2058,1234500
echo 2 KiB,169,2048,2058,1000611
echo 2 KiB,170,2048,2058,778470
echo 2 KiB,171,2048,2058,810649
echo 2 KiB,172,2048,2058,775055
echo 2 KiB,173,2048,2058,1023245
echo 2 KiB,174,2048,2058,731410
echo 2 KiB,175,2048,2058,945339
echo 2 KiB,176,2048,2058,872120
echo 2 KiB,177,2048,2058,610490
echo 2 KiB,178,2048,2058,728275
echo 2 KiB,179,2048,2058,650029
echo 2 KiB,180,2048,2058,546585
echo 2 KiB,181,2048,2058,945189
echo 2 KiB,182,2048,2058,886391
echo 2 KiB,183,2048,2058,1064366
echo 2 KiB,184,2048,2058,663038
echo 2 KiB,185,2048,2058,721115
echo 2 KiB,186,2048,2058,1310383
echo 2 KiB,187,2048,2058,882305
echo 2 KiB,188,2048,2058,504973
echo 2 KiB,189,2048,2058,848144
echo 2 KiB,190,2048,2058,648537
echo 2 KiB,191,2048,2058,624381
echo 2 KiB,192,2048,2058,1073791
echo 2 KiB,193,2048,2058,592313
echo 2 KiB,194,2048,2058,568107
echo 2 KiB,195,2048,2058,862165
echo 2 KiB,196,2048,2058,665903
echo 2 KiB,197,2048,2058,1038067
echo 2 KiB,198,2048,2058,887963
echo 2 KiB,199,2048,2058,1117926
push 64 KiB,0,65536,45,6169345
push 64 KiB,1,65536,45,4844349
push 64 KiB,2,65536,45,4661047
push 64 KiB,3,65536,45,7520558
push 64 KiB,4,65536,45,5758722
push 64 KiB,5,65536,45,4297585
push 64 KiB,6,65536,45,4609530
push 64 KiB,7,65536,45,4911890
push 64 KiB,8,65536,45,5705433
push 64 KiB,9,65536,45,3720284
push 64 KiB,10,65536,45,3624151
push 64 KiB,11,65536,45,3434909
push 64 KiB,12,65536,45,3126249
push 64 KiB,13,65536,45,3250374
push 64 KiB,14,65536,45,4106640
push 64 KiB,15,65536,45,3657851
push 64 KiB,16,65536,45,3357634
push 64 KiB,17,65536,45,3583210
push 64 KiB,18,65536,45,4103465
push 64 KiB,19,65536,45,4199608
push 64 KiB,20,65536,45,3084697
push 64 KiB,21,65536,45,7390704
push 64 KiB,22,65536,45,7351436
push 64 KiB,23,65536,45,5221131
push 64 KiB,24,65536,45,5190185
push 64 KiB,25,65536,45,3485755
push 64 KiB,26,65536,45,3616620
push 64 KiB,27,65536,45,6656020
push 64 KiB,28,65536,45,3727386
push 64 KiB,29,65536,45,3572404
push 64 KiB,30,65536,45,3541347
push 64 KiB,31,65536,45,3512886
push 64 KiB,32,65536,45,4109565
push 64 KiB,33,65536,45,4073280
push 64 KiB,34,65536,45,6113521
push 64 KiB,35,65536,45,7233190
push 64 KiB,36,65536,45,3460497
push 64 KiB,37,65536,45,4679404
push 64 KiB,38,65536,45,6147772
push 64 KiB,39,65536,45,4040552
push 64 KiB,40,65536,45,6037759
push 64 KiB,41,65536,45,6316023
push 64 KiB,42,65536,45,8801777
push 64 KiB,43,65536,45,5644322
push 64 KiB,44,65536,45,3220610
push 64 KiB,45,65536,45,3274040
push 64 KiB,46,65536,45,4907934
push 64 KiB,47,65536,45,8523353
push 64 KiB,48,65536,45,4911791
push 64 KiB,49,65536,45,4622429
push 64 KiB,50,65536,45,4221972
push 64 KiB,51,65536,45,5083265
push 64 KiB,52,65536,45,4691611
push 64 KiB,53,65536,45,3609129
push 64 KiB,54,65536,45,4765692
push 64 KiB,55,65536,45,6407810
push 64 KiB,56,65536,45,6154832
push 64 KiB,57,65536,45,5048314
push 64 KiB,58,65536,45,5000943
push 64 KiB,59,65536,45,4776409
push 64 KiB,60,65536,45,2921244
push 64 KiB,61,65536,45,4104888
push 64 KiB,62,65536,45,4843869
push 64 KiB,63,65536,45,4259458
push 64 KiB,64,65536,45,9117017
push 64 KiB,65,65536,45,6576992
push 64 KiB,66,65536,45,4712534
push 64 KiB,67,65536,45,5230596
push 64 KiB,68,65536,45,6257355
push 64 KiB,69,65536,45,5810930
push 64 KiB,70,65536,45,6856639
push 64 KiB,71,65536,45,5779122
push 64 KiB,72,65536,45,4973542
push 64 KiB,73,65536,45,5301641
push 64 KiB,74,65536,45,5342513
push 64 KiB,75,65536,45,5232858
push 64 KiB,76,65536,45,4279347
push 64 KiB,77,65536,45,5135895
push 64 KiB,78,65536,45,4780685
push 64 KiB,79,65536,45,3971759
push 64 KiB,80,65536,45,4696490
push 64 KiB,81,65536,45,4674757
push 64 KiB,82,65536,45,5476651
push 64 KiB,83,65536,45,5511944
push 64 KiB,84,65536,45,6431775
push 64 KiB,85,65536,45,5810189
push 64 KiB,86,65536,45,5787496
push 64 KiB,87,65536,45,6122154
push 64 KiB,88,65536,45,5111407
push 64 KiB,89,65536,45,6301592
push 64 KiB,90,65536,45,6014193
push 64 KiB,91,65536,45,4905962
push 64 KiB,92,65536,45,6620717
push 64 KiB,93,65536,45,5632444
push 64 KiB,94,65536,45,4646234
push 64 KiB,95,65536,45,4601087
push 64 KiB,96,65536,45,4194281
push 64 KiB,97,65536,45,4984528
push 64 KiB,98,65536,45,4038759
push 64 KiB,99,65536,45,3910828
push 64 KiB,100,65536,45,3989145
push 64 KiB,101,65536,45,4705493
push 64 KiB,102,65536,45,5072008
push 64 KiB,103,65536,45,5180611
push 64 KiB,104,65536,45,4098477
push 64 KiB,105,65536,45,3728617
push 64 KiB,106,65536,45,6537503
push 64 KiB,107,65536,45,8013142
push 64 KiB,108,65536,45,6156215
push 64 KiB,109,65536,45,5349412
push 64 KiB,110,65536,45,4120120
push 64 KiB,111,65536,45,5532996
push 64 KiB,112,65536,45,5068554
push 64 KiB,113,65536,45,4775457
push 64 KiB,114,65536,45,6266058
push 64 KiB,115,65536,45,4950798
push 64 KiB,116,65536,45,6059942
push 64 KiB,117,65536,45,4656499
push 64 KiB,118,65536,45,3804220
push 64 KiB,119,65536,45,4964078
push 64 KiB,120,65536,45,5533527
push 64 KiB,121,65536,45,4625764
push 64 KiB,122,65536,45,4954233
push 64 KiB,123,65536,45,4233419
push 64 KiB,124,65536,45,4596600
push 64 KiB,125,65536,45,4047713
push 64 KiB,126,65536,45,4073460
push 64 KiB,127,65536,45,4667406
push 64 KiB,128,65536,45,8448461
push 64 KiB,129,65536,45,3813864
push 64 KiB,130,65536,45,3070045
push 64 KiB,131,65536,45,3663610
push 64 KiB,132,65536,45,4721306
push 64 KiB,133,65536,45,4775837
push 64 KiB,134,65536,45,5269523
push 64 KiB,135,65536,45,5490743
push 64 KiB,136,65536,45,4857910
push 64 KiB,137,65536,45,4149093
push 64 KiB,138,65536,45,4576070
push 64 KiB,139,65536,45,4282012
push 64 KiB,140,65536,45,4648698
push 64 KiB,141,65536,45,3268411
push 64 KiB,142,65536,45,7665133
push 64 KiB,143,65536,45,12447841
push 64 KiB,144,65536,45,3879652
push 64 KiB,145,65536,45,5142184
push 64 KiB,146,65536,45,2755156
push 64 KiB,147,65536,45,4215152
push 64 KiB,148,65536,45,5063056
push 64 KiB,149,65536,45,2567946
push 64 KiB,150,65536,45,5160731
push 64 KiB,151,65536,45,4295973
push 64 KiB,152,65536,45,6017438
push 64 KiB,153,65536,45,8053523
push 64 KiB,154,65536,45,4264866
push 64 KiB,155,65536,45,4628347
push 64 KiB,156,65536,45,4058278
push 64 KiB,157,65536,45,5072099
push 64 KiB,158,65536,45,3544753
push 64 KiB,159,65536,45,3846883
push 64 KiB,160,65536,45,3798441
push 64 KiB,161,65536,45,3051417
push 64 KiB,162,65536,45,5266709
push 64 KiB,163,65536,45,4525074
push 64 KiB,164,65536,45,3908986
push 64 KiB,165,65536,45,3463702
push 64 KiB,166,65536,45,3756859
push 64 KiB,167,65536,45,3911469
push 64 KiB,168,65536,45,4235483
push 64 KiB,169,65536,45,3801756
push 64 KiB,170,65536,45,4106120
push 64 KiB,171,65536,45,4504894
push 64 KiB,172,65536,45,3899140
push 64 KiB,173,65536,45,4887304
push 64 KiB,174,65536,45,9752655
push 64 KiB,175,65536,45,6135874
push 64 KiB,176,65536,45,4794686
push 64 KiB,177,65536,45,5996587
push 64 KiB,178,65536,45,4534357
push 64 KiB,179,65536,45,5158528
push 64 KiB,180,65536,45,4049525
push 64 KiB,181,65536,45,5323464
push 64 KiB,182,65536,45,4044267
push 64 KiB,183,65536,45,6394179
push 64 KiB,184,65536,45,6271947
push 64 KiB,185,65536,45,5510192
push 64 KiB,186,65536,45,4395952
push 64 KiB,187,65536,45,4170045
push 64 KiB,188,65536,45,4473237
push 64 KiB,189,65536,45,4598824
push 64 KiB,190,65536,45,5043356
push 64 KiB,191,65536,45,3663830
push 64 KiB,192,65536,45,4251186
push 64 KiB,193,65536,45,4125538
push 64 KiB,194,65536,45,4388881
push 64 KiB,195,65536,45,7480568
push 64 KiB,196,65536,45,5003256
push 64 KiB,197,65536,45,8839834
push 64 KiB,198,65536,45,4323133
push 64 KiB,199,65536,45,5059771
echo 64 KiB,0,65536,65546,5932201
echo 64 KiB,1,65536,65546,6803459
echo 64 KiB,2,65536,65546,9339449
echo 64 KiB,3,65536,65546,6763169
echo 64 KiB,4,65536,65546,5126180
echo 64 KiB,5,65536,65546,4183454
echo 64 KiB,6,65536,65546,6476252
echo 64 KiB,7,65536,65546,6310525
echo 64 KiB,8,65536,65546,8683230
echo 64 KiB,9,65536,65546,9771993
echo 64 KiB,10,65536,65546,6503723
echo 64 KiB,11,65536,65546,5254601
echo 64 KiB,12,65536,65546,6771191
echo 64 KiB,13,65536,65546,6651403
echo 64 KiB,14,65536,65546,6574177
echo 64 KiB,15,65536,65546,6695178
echo 64 KiB,16,65536,65546,5191007
echo 64 KiB,17,65536,65546,8584744
echo 64 KiB,18,65536,65546,8148344
echo 64 KiB,19,65536,65546,10958312
echo 64 KiB,20,65536,65546,14281844
echo 64 KiB,21,65536,65546,8840755
echo 64 KiB,22,65536,65546,13970260
echo 64 KiB,23,65536,65546,6200000
echo 64 KiB,24,65536,65546,5817249
echo 64 KiB,25,65536,65546,5932821
echo 64 KiB,26,65536,65546,10404596
echo 64 KiB,27,65536,65546,6618393
echo 64 KiB,28,65536,65546,7470944
echo 64 KiB,29,65536,65546,6053602
echo 64 KiB,30,65536,65546,7201122
echo 64 KiB,31,65536,65546,7472556
echo 64 KiB,32,65536,65546,6856048
echo 64 KiB,33,65536,65546,5612465
echo 64 KiB,34,65536,65546,8379688
echo 64 KiB,35,65536,65546,5352578
echo 64 KiB,36,65536,65546,7084598
echo 64 KiB,37,65536,65546,6771993
echo 64 KiB,38,65536,65546,6705103
echo 64 KiB,39,65536,65546,6330154
echo 64 KiB,40,65536,65546,5600907
echo 64 KiB,41,65536,65546,5764010
echo 64 KiB,42,65536,65546,5586917
echo 64 KiB,43,65536,65546,8318918
echo 64 KiB,44,65536,65546,8565376
echo 64 KiB,45,65536,65546,5409723
echo 64 KiB,46,65536,65546,5225738
echo 64 KiB,47,65536,65546,5567176
echo 64 KiB,48,65536,65546,4486487
echo 64 KiB,49,65536,65546,5482982
echo 64 KiB,50,65536,65546,5424575
echo 64 KiB,51,65536,65546,9195414
echo 64 KiB,52,65536,65546,6490162
echo 64 KiB,53,65536,65546,7269684
echo 64 KiB,54,65536,65546,5666505
echo 64 KiB,55,65536,65546,7151428
echo 64 KiB,56,65536,65546,5323584
echo 64 KiB,57,65536,65546,5930819
echo 64 KiB,58,65536,65546,5100651
echo 64 KiB,59,65536,65546,8637403
echo 64 KiB,60,65536,65546,6223846
echo 64 KiB,61,65536,65546,7209634
echo 64 KiB,62,65536,65546,5756018
echo 64 KiB,63,65536,65546,5654878
echo 64 KiB,64,65536,65546,6182924
echo 64 KiB,65,65536,65546,6862867
echo 64 KiB,66,65536,65546,7328812
echo 64 KiB,67,65536,65546,8944900
echo 64 KiB,68,65536,65546,6195974
echo 64 KiB,69,65536,65546,6787415
echo 64 KiB,70,65536,65546,5494378
echo 64 KiB,71,65536,65546,5334710
echo 64 KiB,72,65536,65546,9043758
echo 64 KiB,73,65536,65546,8851171
echo 64 KiB,74,65536,65546,9037719
echo 64 KiB,75,65536,65546,9871722
echo 64 KiB,76,65536,65546,6556291
echo 64 KiB,77,65536,65546,7151848
echo 64 KiB,78,65536,65546,16245511
echo 64 KiB,79,65536,65546,5578223
echo 64 KiB,80,65536,65546,5424635
echo 64 KiB,81,65536,65546,4946081
echo 64 KiB,82,65536,65546,9151699
echo 64 KiB,83,65536,65546,4705252
echo 64 KiB,84,65536,65546,4536851
echo 64 KiB,85,65536,65546,5171717
echo 64 KiB,86,65536,65546,6031028
echo 64 KiB,87,65536,65546,6415821
echo 64 KiB,88,65536,65546,7285938
echo 64 KiB,89,65536,65546,8814557
echo 64 KiB,90,65536,65546,5520668
echo 64 KiB,91,65536,65546,4113120
echo 64 KiB,92,65536,65546,5749869
echo 64 KiB,93,65536,65546,5455711
echo 64 KiB,94,65536,65546,5722438
echo 64 KiB,95,65536,65546,6184857
echo 64 KiB,96,65536,65546,5570833
echo 64 KiB,97,65536,65546,4861626
echo 64 KiB,98,65536,65546,7567738
echo 64 KiB,99,65536,65546,5925631
echo 64 KiB,100,65536,65546,4671242
echo 64 KiB,101,65536,65546,3926922
echo 64 KiB,102,65536,65546,4882176
echo 64 KiB,103,65536,65546,3785722
echo 64 KiB,104,65536,65546,5536160
echo 64 KiB,105,65536,65546,5585894
echo 64 KiB,106,65536,65546,8980604
echo 64 KiB,107,65536,65546,7425366
echo 64 KiB,108,65536,65546,6751011
echo 64 KiB,109,65536,65546,7420039
echo 64 KiB,110,65536,65546,6980654
echo 64 KiB,111,65536,65546,6838802
echo 64 KiB,112,65536,65546,6570422
echo 64 KiB,113,65536,65546,6713675
echo 64 KiB,114,65536,65546,13011211
echo 64 KiB,115,65536,65546,7556701
echo 64 KiB,116,65536,65546,6930769
echo 64 KiB,117,65536,65546,7189044
echo 64 KiB,118,65536,65546,7436793
echo 64 KiB,119,65536,65546,6768297
echo 64 KiB,120,65536,65546,6654567
echo 64 KiB,121,65536,65546,5431966
echo 64 KiB,122,65536,65546,7473348
echo 64 KiB,123,65536,65546,5522420
echo 64 KiB,124,65536,65546,6734868
echo 64 KiB,125,65536,65546,4944880
echo 64 KiB,126,65536,65546,6797701
echo 64 KiB,127,65536,65546,5498294
echo 64 KiB,128,65536,65546,6073071
echo 64 KiB,129,65536,65546,5730581
echo 64 KiB,130,65536,65546,8021464
echo 64 KiB,131,65536,65546,10942558
echo 64 KiB,132,65536,65546,8227411
echo 64 KiB,133,65536,65546,10460609
echo 64 KiB,134,65536,65546,7206600
echo 64 KiB,135,65536,65546,7078218
echo 64 KiB,136,65536,65546,5706915
echo 64 KiB,137,65536,65546,5987583
echo 64 KiB,138,65536,65546,5551423
echo 64 KiB,139,65536,65546,8386038
echo 64 KiB,140,65536,65546,4687125
echo 64 KiB,141,65536,65546,5702358
echo 64 KiB,142,65536,65546,5501549
echo 64 KiB,143,65536,65546,4926642
echo 64 KiB,144,65536,65546,4708256
echo 64 KiB,145,65536,65546,4614537
echo 64 KiB,146,65536,65546,4737861
echo 64 KiB,147,65536,65546,8631975
echo 64 KiB,148,65536,65546,8413608
echo 64 KiB,149,65536,65546,8177417
echo 64 KiB,150,65536,65546,5879613
echo 64 KiB,151,65536,65546,6916868
echo 64 KiB,152,65536,65546,6641088
echo 64 KiB,153,65536,65546,7181813
echo 64 KiB,154,65536,65546,7810791
echo 64 KiB,155,65536,65546,9436033
echo 64 KiB,156,65536,65546,7451816
echo 64 KiB,157,65536,65546,10419508
echo 64 KiB,158,65536,65546,7519506
echo 64 KiB,159,65536,65546,6106831
echo 64 KiB,160,65536,65546,6099580
echo 64 KiB,161,65536,65546,5345607
echo 64 KiB,162,65536,65546,6129505
echo 64 KiB,163,65536,65546,11627408
echo 64 KiB,164,65536,65546,7813495
echo 64 KiB,165,65536,65546,5896518
echo 64 KiB,166,65536,65546,4887484
echo 64 KiB,167,65536,65546,5317745
echo 64 KiB,168,65536,65546,5455731
echo 64 KiB,169,65536,65546,3677220
echo 64 KiB,170,65536,65546,11621730
echo 64 KiB,171,65536,65546,4339958
echo 64 KiB,172,65536,65546,5632654
echo 64 KiB,173,65536,65546,5950898
echo 64 KiB,174,65536,65546,5518264
echo 64 KiB,175,65536,65546,8350595
echo 64 KiB,176,65536,65546,5732513
echo 64 KiB,177,65536,65546,4305627
echo 64 KiB,178,65536,65546,9208043
echo 64 KiB,179,65536,65546,6164427
echo 64 KiB,180,65536,65546,5587167
echo 64 KiB,181,65536,65546,4995715
echo 64 KiB,182,65536,65546,6332337
echo 64 KiB,183,65536,65546,5809077
echo 64 KiB,184,65536,65546,7858252
echo 64 KiB,185,65536,65546,5358115
echo 64 KiB,186,65536,65546,6421099
echo 64 KiB,187,65536,65546,8535150
echo 64 KiB,188,65536,65546,8767366
echo 64 KiB,189,65536,65546,6908636
echo 64 KiB,190,65536,65546,9067093
echo 64 KiB,191,65536,65546,6699184
echo 64 KiB,192,65536,65546,10659816
echo 64 KiB,193,65536,65546,7494990
echo 64 KiB,194,65536,65546,8892072
echo 64 KiB,195,65536,65546,7702419
echo 64 KiB,196,65536,65546,6427659
echo 64 KiB,197,65536,65546,8842508
echo 64 KiB,198,65536,65546,8950770
echo 64 KiB,199,65536,65546,12023648
